name,unit,defaultPrice,gstPercent
Paracetamol 500mg,strip,25,12
Amoxicillin 250mg,strip,45,12
Azithromycin 500mg,strip,85,12
Cetirizine 10mg,strip,20,12
Pantoprazole 40mg,strip,60,12
Metformin 500mg,strip,35,12
Amlodipine 5mg,strip,40,12
Ibuprofen 400mg,strip,30,12
ORS Powder,sachet,15,5
Cough Syrup 100ml,bottle,75,12
Vitamin C Tablets,strip,50,18
Iron Folic Acid,strip,28,5
Insulin Injection,vial,320,5
Normal Saline IV 500ml,bottle,45,12
Surgical Gloves,box,180,18
Antiseptic Solution 100ml,bottle,55,18
Bandage Roll,piece,20,12
Syringe 5ml,piece,8,12
Thermometer Digital,piece,150,18
Face Mask (Box of 50),box,120,18
